{"MSE": 2.5402323616670386, "_timestamp": 1686016007.0843601, "_runtime": 4.318180084228516, "_step": 0, "_wandb": {"runtime": 3}}