{"MSE": 2.4618346746778452, "_timestamp": 1686016026.70455, "_runtime": 7.815500974655151, "_step": 0, "_wandb": {"runtime": 7}}