{"MSE": 2.452944720817849, "_timestamp": 1686016045.455561, "_runtime": 5.510798931121826, "_step": 0, "_wandb": {"runtime": 5}}