{"MSE": 2.4508187703531408, "_timestamp": 1686016072.0724423, "_runtime": 6.1512532234191895, "_step": 0, "_wandb": {"runtime": 5}}