{"MSE": 2.453983836538874, "_timestamp": 1686014952.8783944, "_runtime": 11.13374638557434, "_step": 0, "_wandb": {"runtime": 10}}