{"MSE": 2.4513241069441927, "_timestamp": 1686016089.3981647, "_runtime": 6.637024641036987, "_step": 0, "_wandb": {"runtime": 6}}